"Timestamp","Year","Major","If you don't go to the Tepper Quad, why not? Where else do you go and why? ","If you do, what do you use the space for? ","What are the biggest issues/annoyances that you face in this area?","To what extent to these issues hinder productivity and enjoyment? (1 — least, 5 — worst) [Productivity]","To what extent to these issues hinder productivity and enjoyment? (1 — least, 5 — worst) [Enjoyment]","What do you currently enjoy about this space? What do you wish this space had? "
"2018/10/22 8:26:29 PM GMT","Senior","MSE, BME","It can be too far and out of my way because I don't have any classes on that side of campus. I go to Scott Hall, Wean (La Prima), and the UC during class hours but afterwards spend most of my time at Tepper for work and dinner. ","Working (solo);Working (groups);Eating;Socializing","Too crowded, not enough places to sit down, not quiet","3","1","It has good food and access to clusters, close to classrooms, and also close to faculty offices. "
"2018/10/22 8:28:43 PM GMT","Senior","Meche","its far af and i dont have class there","Working (groups);meetings (the rooms are nice)","can't reserve rooms unless you are a business student","4","4","equality for all majors"
"2018/10/22 8:30:20 PM GMT","Senior","Mechanical Engineering","Not super central to campus, especially far from engineering buildings (Hamerschlag, Scaife). Major draw for me is convenience. I tend to spend down time in the UC, since it has convenient prepared and off the shelf (Entropy) food and a reasonable amount of seating between the balcony over black chairs and the room overlooking the pool.","Working (solo);Working (groups);Eating;Socializing","Seating isn’t always available, and it’s sometimes pretty noisy (without any designated “quieter” areas), though to be fair I could always go to a library ","4","2","I enjoy the physical convenience to most of campus, and the access to Entropy and decent seating. I wish it had more of the positives (e.g. more seating) and potentially an area for quieter study "
"2018/10/22 11:58:10 PM GMT","Senior","BME / MechE","Damn this isn't leading at all... I go sometimes. If I were not to I guess its cause I forget it exists #Iamold","Working (groups)","the opulence... not like we could pay for kids to go to this school with the cash spent on this building","1","2","The study areas are really premium. I like the little ""pods"" on the 3rd floor"
"2018/10/23 12:05:06 AM GMT","Freshman","Computer science","Inconvenient my dorm is in the opposite side of campus, I got to Gates bc it's comfier and slightly closer","Eating","No outlets/very few :(","4","2","It's nice and clean and modern, but it's very empty put a chandelier or something to hang from the ceiling"
"2018/10/23 12:33:23 AM GMT","Senior","Computer Science","","Working (solo);Working (groups)","All the rooms are always locked so they’re not in use which is a waste","4","4","Wish the rooms weren’t locked"
"2018/10/23 12:37:28 AM GMT","Sophomore","Creative writing","","Working (groups);Eating;Socializing","N/a","1","1","I like all the windows and the food. Not anything else really"
"2018/10/23 1:03:37 AM GMT","Freshman","Computer Science","","Eating","Tepper Quad doesn't have water and it makes me want to die","1","4","Good food I guess "
"2018/10/23 1:20:52 AM GMT","Senior","Mechanical Engineering","","Working (solo);Working (groups);Eating;Socializing","No place to charge laptops in any of the chairs not in classrooms","4","4","It's very pretty, I wish the space had more outlets and greater accessibility for students to know how to use the spaces (ex: how to reserve a study room, etc...)"
"2018/10/23 1:23:57 AM GMT","Freshman","Bio","It’s far from the academic mall, I usually go to la prima instead","Eating;Socializing","It can be loud and hard to get a table","2","2","I like how open and bright it is, I wish there were more tables"
"2018/10/23 1:28:47 AM GMT","Senior","Computer Science","","Working (solo);Working (groups)","can get noisy","2","2",""
"2018/10/23 3:15:18 AM GMT","Senior","ECE","","Eating;class","It's an inefficient use of space and there are too many people","3","4","There's a lot of light and open space. I think there could be more tables/chairs so more people could be there."
"2018/10/23 1:26:09 PM GMT","Junior","Neuroscience ","Yes! To study and eat","Working (solo);Working (groups);Eating","Lack of access to study rooms ","5","3","I really like the new food and natural light, but it is incredibly unreasonable that only tepper students can get into the study rooms "
"2018/10/23 1:54:05 PM GMT","Sophomore","Mech E","It's too far from my dorm. I go to the UC because closer.","","","","","The food is good."
"2018/10/23 4:13:47 PM GMT","Senior","Neuroscience ","","Working (solo);Working (groups)","NOT ENOUGH OUTLETS!!! (I can't express this enough)","3","2","The amount of seating, wish there were more outlets"
"2018/10/23 4:21:05 PM GMT","Senior","Mechanical Engineering","","Eating;Socializing","Rooms reserved for Tepper students only is counter intuitive to the supposedly collaborative culture","4","3","I enjoy the food, I wish it had space for non Tepper students"
"2018/10/23 10:41:53 PM GMT","Junior","Information Systems","Tepper Quad never has any space to study.","Eating","There are so many big areas (conference rooms, breakout rooms, meeting rooms), and many small rooms that are locked. They're not even in use and so much space is going wasted, because they're locked. I've learned not to go to the Tepper Quad to study because the place rarely has seats for studying.","5","1","Nice architecture, and the burger place tastes pretty good! I wish a lot of the locked meeting rooms and breakout rooms were open."
"2018/10/24 8:44:50 PM GMT","Sophomore","Chemical Engineering","I haven't gotten attached/used to any place in the Tepper Quad yet but I have in other buildings, so I go there instead. ","Working (solo);Working (groups);Eating","There are always a lot of people","4","2","There are a lot of different working environments. I wish the food places were open later too but that's probably not going to happen. "
"2018/10/25 3:21:20 AM GMT","Junior","Decision science and business ","","Working (groups);Eating","Noise","3","3","I like the openness and color scheme but I wish there were more outlets"
"2018/10/25 3:23:53 AM GMT","Freshman","IS","It’s very open and the people walking around and large spaces make it difficult for me to concentrate on studying — even in a breakout room.","Working (groups);Eating","It’s very empty feeling — unlike Gates, where there’s food in addition to many quiet study places, kitchen setups, vending machines, etc. all very close together but still in different split off, independent areas.","4","2",""
"2018/10/25 3:30:15 AM GMT","Freshman","Computer Science","","Working (groups);Eating","Very bright, few tables and spaces to work on ","4","1","Food is good, nice view, I just wish there were more tables where I could work"
"2018/10/25 3:32:46 AM GMT","Sophomore","Chem","","Working (solo);Eating","It's loud and crowded so the work environment isn't great. It's much better working on floors 3-5, which are way quieter.","4","2","I like that it's open and it has lots of natural lighting. I wish it had more closed off areas (and the ones that are should be open to students more often)."
"2018/10/25 3:32:47 AM GMT","Freshman","","","Working (solo);Working (groups)","Non Tepper kids taking up space ","5","5",""
"2018/10/25 3:34:20 AM GMT","Freshman","math","","Working (solo);Working (groups);Eating","On the upper floors, the tables aren't near outlets. ","3","2","It's modern and nice. I wish it more of those booths to study in because there's only three and they're always taken. "
"2018/10/25 3:35:31 AM GMT","Sophomore","Biology","It's a bit off campus and most of my classes are in DH until night so I study at the first floor tables","Working (groups)","Most of the rooms are closed off","4","4","It's very spacious"
"2018/10/25 3:36:11 AM GMT","Freshman","N/A","","Working (solo);Working (groups);Eating;Socializing","Not enough seating, not enough outlets, I don’t know which spaces I’m allowed to inhabit ","3","3","Enjoy food, atmosphere. Wish it had more outlets around the seating. "
"2018/10/25 4:02:09 AM GMT","Freshman","Computer Science","","Eating;Socializing","The lack of trays is a non trivial issue. It's so hard to get your food to the tables, especially because the doors all have pull handles and aren't push doors.","1","5","It's very slick. Also is the best option for food on campus."
"2018/10/25 4:07:30 AM GMT","Freshman","CIT undeclared ","","Working (solo);Working (groups);Eating","Easy to get lost","5","4","The food there is so good! Lots of space to study. I wish there were more desks with comfortable chairs. Most of the nice chairs don't have desks with them so I have to compensate for either a comfortable seat or a desk."
"2018/10/25 4:32:57 AM GMT","Junior","Biomedical Engineering, Chemical Engineering, English, Technical Writing","","Working (solo);Working (groups);Eating","Not being able to work in my favorite places because everyone else also wants to work there","2","3","Seating!!!"
"2018/10/25 4:51:03 AM GMT","Freshman","Business","Want different variety of food","Working (solo);Working (groups);Eating","noise","2","2","more study areas"
"2018/10/25 6:33:05 AM GMT","Freshman","Business Adminstration","","Working (solo);Working (groups);Eating;Socializing;classes and club meetings","not enough breakout rooms, even when the breakout rooms are not in use they are locked","2","2","I like the open landscape, the way most things actually work, the food isnt bad"
"2018/10/25 9:52:20 AM GMT","Freshman","","","Working (groups);Eating;relaxing","The open space is distracting for work","4","3","sunlight, more structured study spaces"
"2018/10/25 2:18:30 PM GMT","Freshman","Physics","","Working (solo);Eating","Too few tables at peak times
One person taking up whole table for 4","2","2","Outlets
Open, bright architecture
Good place to get food

I wish there were smaller tables so one person didn't have to take up a space made for 4"
"2018/10/25 3:32:17 PM GMT","Freshman","MechE","","Working (solo);Eating","I only go there on weekends. It gets pretty noisy starting from 11:30AM, so I usually just stay from 8AM-11AM.","4","4","The space is pretty empty during weekend mornings. I wish the commons can be separated into eating and studying areas."
"2018/10/25 4:12:04 PM GMT","Freshman","ECE","","Working (solo);Working (groups);Eating;Socializing","They lost all the classrooms after 12 a.m. and restrict access to tepper students only.","3","3","Modern designs, new/clean classrooms, open space, etc."
"2018/10/25 6:15:48 PM GMT","Freshman","ECE","","Eating;Socializing","Rohr Commons is pretty noisy & lack of outlets, so not really an ideal place to work. Also, tables fill up very quickly so it's usually hard to find an open table (this applies to classrooms and breakout rooms in Tepper as well)","5","2","The food is really yummy! Also I think the building lets in lots of natural light, so the ambiance is very nice during the day and feels a lot more relaxed than say, like ABP or La Prima. I wish there were bigger tables and maybe more outlets I guess."
"2018/10/25 6:20:09 PM GMT","Sophomore","Information Systems","","Working (groups);Eating;Socializing","nothing","1","1","wide atmosphere"
"2018/10/25 6:26:22 PM GMT","Freshman","","","Eating","The line for the bowls next to the burgers is very inefficient. People don't understand who's waiting in line or who's waiting for a certain kind of bowl. People don't know where the line is and some just cut unknowingly. Always really awkward. ","","5",""
"2018/10/25 6:41:32 PM GMT","Freshman","Cognitive science and decision science","","Working (solo);Working (groups);Eating","The tables are dirty","1","3","I like the modern and new design, you have the ability to choose among areas that are quiet, close to food, have comfortable seats, surrounded by people, etc. Tepper has good food, is equipped with a lot of whiteboards, and it’s also open 24hrs for working."
"2018/10/25 6:46:05 PM GMT","Sophomore","biology","","Working (solo);Working (groups);Eating;Socializing","It is always so crowded and sometimes not enough seats.","1","1",""
"2018/10/25 9:10:48 PM GMT","Sophomore","Behavioral Econ, History","","Working (groups);Class","Not enough tables or seats given the demand for the space","3","3","I like the skylights and the energy but wish there were more seats (particularly comfortable ones - couches would be nice instead of plastic ones)"
"2018/10/26 3:13:33 AM GMT","Freshman","Computer Science","I go to Gates for convenience and I like the atmosphere ","Eating","It smells like construction","2","3","I like the design but I wish it had more quiet areas"
"2018/10/26 4:49:53 AM GMT","Sophomore","Computer Science","I don't use the Rohr Commons because I tend to go to the Gates-Hillman Center / NSH / Wean Hall instead.","","Again, I don't go to the Rohr Commons that often, but I do have a few issues with Tepper Quad in general. I dunno if you care for this information since it's not specific to Rohr Commons but here you go.

1) The direction signs are wrong on the ground floor. I had a hard time finding my classroom (TEP 2612) on the first day because it wasn't listed on any of the signs.
I also had a hard time finding Tepper's Walk-in Tutoring Sessions because, on the CMU website, they're listed as being in TEP 3807, which is a ""room"" that doesn't actually exist. It's more like a common area than a room. And it's not on any maps or signs.
TL;DR: Tepper Quad seriously needs to improve its navigation support.

2) The glass railings on the balconies above the Commons. They don't seem structurally sound. Probably just being paranoid but I feel like they might shatter and rain glass onto everyone sitting below someday...","3","1","Pros: Tons of walking space.
Cons: Too much glass. Possible safety hazard."
"2018/10/26 5:33:58 AM GMT","Freshman","Drama - Design","","Eating;Socializing","lack of seating","","4","Food is very good - more space to sit - I would study there more if there were better/more areas for productivity "
"2018/10/26 12:59:40 PM GMT","Senior","MSE","Doesn’t really feel like a part of the rest of the campus and the common areas are usually kind of crowded.","Eating","It’s crowded in the evenings. Low key not sure what areas I’m allowed to be in.","4","3","It’s pretty. Just very large. Maybe if they hosted more non-Tepper events it would feel more inviting."
"2018/10/26 4:28:00 PM GMT","Freshman","Information Systems","","Eating","most of the snacks they have don’t go on the block","","2",""
"2018/10/26 8:47:44 PM GMT","Senior","Chemical Engineering","Chemical Engineering Cluster/Lounge","Working (groups);Eating","A lot of empty space in a pretty building that goes underutilized. Also the wonderful breakout rooms are not available to the rest of the school. With a lack of easily available space on campus, restricting empty rooms seems counterproductive. Also the lack of flooring leads to a less inviting atmosphere.","3","5","It looks nice, but it feels empty. I think there could be a tasteful way to add in a lot of practical working space that doesn't take away from the design."
"2018/10/26 9:16:23 PM GMT","Freshman","StatML","not enough outlets, i usually go to computer labs in wean/hunt","Working (solo);Eating","outlets are nonexistent","5","3","good food, wish there were more outlets"