"Timestamp","How are you utilizing the space?","If this entire area was available, which table would you choose and why?","If you were eating/working in groups/solo, would you choose the same table? ","What are the largest issues / annoyances that you face when working in Tepper Quad? ","What are your favorite parts about the Tepper Quad? "," If no, why wouldn’t you want to sit with a stranger? What are issues with sitting with strangers? How would you communicate you’re willing to share a table? ","Any other information "
"2018/11/16 2:24:40 AM GMT","Working while waiting for tutoring to start (is a peer tutor)","Would a sit at a table out of the way where people are less likely to walk by/less traffic going by, prefers low tables, wants outlets and space around the table (water fountain nearby would be nice) ","If group work then larger table, pick table with appropriate number of chairs, high tables not good for group work, eating doesn’t
change table preferences  ","Sometimes insufficient seating","Generally a nice place to be, aesthetics are nicer than other places on campus","Would be willing to share with a stranger depending how big the table is, would be more likely to share the high bar ones, not really any issues with sharing, would be hesitant if more people were joining that person, still just want to maintain personal space, would ask to share a table, would not outwardly express willingness to share table - sharing is last resort ",""
"2018/11/16 7:42:02 PM GMT","a
","a","a","a","a","a","a"
"2018/11/16 7:44:27 PM GMT","Not a student, comes here a lot (usually eating). ","High stools","Yes (eating); working in groups will go to purple seats (out of this area), same with solo","Loud (working), none with eating","Like the area","Wouldn't mind, but wouldn't be the first to offer (only say yes when asked). ","Freshmen, CS"
"2018/11/16 7:46:23 PM GMT","studying or eating; usually with friends (currently found solo working at a round low table) ","tall rectangle tables; like that they are higher seating, longer, more space ","yes, same regardless ","noise, and outlets ","lighting, two very different food places to choose from ","its okay, its whatever; strangers will just go up to her and ask if they want to use a space ","want more outlets! "
"2018/11/16 7:47:26 PM GMT","Works here (at tazza), do computer work and eat","round tables","depends on how many people (large tables for larger meetings because you can put them together)","acoustics; a little too loud","a good hub that draws a lot of people","shares table with a stranger; would call them over. ","works here at tazza "
"2018/11/16 7:52:14 PM GMT","(currently found eating at tall square tables alone; physics, sophomore); used just for eating ","low round table in corner, no particular reason ","eating typically alone, coming back from class >> big group would take tall rectangle table ","no large issues, ""i dont know"" ","the food taste good; enough seating, ample seating compared to other places on campus ","not too common to sit with strangers at low table, more common and normal to sit with strangers at tall table ","no "
"2018/11/16 7:52:35 PM GMT","Just eating ","Not really, depends on the company ","Alone; taller tables, with people smaller tables ","No open tables during primary lunch time ","Tazza croissants + sandwiches; (wants sandwiches open in the evening)","Probably; but depends on the person (peer vs PhD students)","Freshmen, CS. "
"2018/11/16 7:58:11 PM GMT","Not quite often; eating, doesn't work. ","At the edge (not right in middle) ","N/A; same answer","No space with outlets","To be honest, there aren't any. ","Yes, esp with the longer the tables, not sure about the small round tables, would be rather weird (for most people), if you have computer + food , most of the table is already taken up, it already stops people from sitting down at the same table. ","Junior, exchange student, Business Administration. "
"2018/11/16 8:08:03 PM GMT","(5th year meche); usually for studying and snacking ","circle low table; like that kind of in the middle, surrounded by people, specifically facing the name tags wall and not the windows wall ","for group middles, end up at the square tables ","10 foot extension cord outlets to drag across to address this lack of outlets problem ","lighting, indoors but also feels expansive, not stuck indoors, not the library feeling ","signs willing to share table vs not; used those in old tazzo, but tables were not big enough to share; someone got confused when making eye contact (putting stuff on chair to indicate that you are not willing to share, headphones to share but not interact) ","part cafe and part study area; interesting how even though this space was not meant to be multi modal use, it works well that way (like it doesnt do an amazing job for all the things it does but it also doesnt do an awful job) (friends who TA while he sits next to them and eats / works /etc) "
"2018/11/16 8:37:36 PM GMT","Eat lunch + do homework. ","Low ones not the high, alone (not with people). ","idk; doesn't do a lot of group projects","Hit or miss whether or not its loud or not sometimes can be a very quiet and nice to work ","the food is pretty good; nice big open space, not claustrophobic","would do it but probably be annoyed; really more of a cultural norm, approach on personal space. ","sophomore; ethics history and public policy. "
"2018/11/16 8:38:22 PM GMT","(sophomore); usually for meeting people, working by yourself, more for meeitng people ","high tables, personal preference, one on one side meeting, takes up less space for direct one on one meeting ","eating or group for lower tables , usually meeting one on one ","volume and noise, lack of outlets ","still kind of cafe feel, likes that there is a little noise / ambience, but sometimes gets too loud ","by space you take up, usually put backpack on chair and will take off if people ask to share ",""
"2018/11/17 6:17:58 AM GMT","Came to work and get coffee","One of the individual tables, high tables can get too crowded, prefers square tables because have more surface to work on and your items are more oriented towards you ","If eating wouldn't care as much about what type of table, just want place to sit. Group work would change how much space you need so change table based on that ","Crowded, too many people there, tables aren't as clean as would like ","Environment is nice because a lot of natural light, convenient place to get coffee and food ","Would generally be open to sharing with a stranger, depends on what she's trying to do and mood. If one person then not a big deal, if someone and friend or group of people then could be more distracting. Wouldn't actively communicate that she's willing to share, not sure what you can do ","Senior ECE, "
"2018/11/17 6:27:28 AM GMT","Group meeting ","Would pick the one towards front on left near tazza because it's near coffee and doesn't like to be in the middle with tables surrounding, like to be on edges ","If by self might prefer high table because like to stand up and work as well. But for groups, like smaller tables. For eating still front table near tazza","Sometimes the noise, outlets aren't as close to all tables as they should be ","Openness , natural light ","Would be willing to share with stranger if not working on group project. Not really issues, unless they take too much space or bring other friends who crowd him out. Would outwardly communicate if there was an easy way to. Wouldn't go out of way and make own sign to put up, but if easy way then yes ","Senior MatSci and BME "
"2018/11/17 6:40:45 AM GMT","Working on homework and grabbing a meal ","Would pick one of tables close to study room doors, not a high one. They feel more secluded and away from people. Feel quieter ","If working in group would depend on number of people. Usual group meeting has 6 people so pick high tables. If eating then same as previous question ","Gets pretty loud and can fill up super fast ","Likes the variety in seating choices including the whole floor with couches etc, good place to do work and eat, food gets there pretty fast compared to other places, wide variety of options, like the aesthetics and chairs, like the outlet poles","Would be willing to share depending on if eating but not if working and requires the space, could be issues if they take up too much space, someone would need to come up and ask if they can sit or someone would need to be actively looking around and then would offer they can sit here, makes think of parking garages where space will blink green where a space is empty, could be cool if there was a way to blink green if open to sharing ","Senior MatSci BME "
"2018/11/17 6:48:49 AM GMT","Tazza is open on sundays so like to work there for coffee, and go for food on sundays ","One of round tables, probably near tazza so can hear them call the number because they take a while ","Doesn't really change, don't have strong preference so if friend wanted to sit elsewhere then wouldn't care ","Lack of seating, lack of outlets, food could be better","Open sundays ","Wouldn't care if someone asked, wouldn't personally sit down and share with stranger. If all tables taken then would sit at high tables because that's what they're meant for. But if at lower table then wouldn't invite stranger and wouldn't sit down at someone else's table. Just want to respect their privacy so wouldn't put self on them. Issue if person takes up a lot of space or is messy. Wouldn't actively communicate willing to share ","Senior ChemE, there needs to be more seating "